Job ID,Job URL,Job Title,Company Name,Status,Timestamp,WP ID
de02f2df30c810a7,https://www.linkedin.com/jobs/view/manager-community-relations-at-los-angeles-lakers-4436426628,"Manager, Community Relations",Los Angeles Lakers,posted,2026-07-07T01:19:29.994646,20
1cc5fda05134bc03,https://www.linkedin.com/jobs/view/administrative-assistant-business-legal-affairs-music-at-netflix-4433140080,"Administrative Assistant, Business & Legal Affairs - Music",,scraped,2026-07-07T01:19:32.772176,
e852961e95d107a3,https://www.linkedin.com/jobs/view/associate-product-marketing-manager-at-google-4431910530,Associate Product Marketing Manager,,scraped,2026-07-07T01:20:43.637564,
e5fa34dd84195313,https://www.linkedin.com/jobs/view/assistant-buyer-at-guess%3F-llc-4435340348,Assistant Buyer,,scraped,2026-07-07T01:22:02.622365,
fcb4b377d3243d27,https://www.linkedin.com/jobs/view/trade-marketing-coordinator-at-anastasia-beverly-hills-4436162076,Trade Marketing Coordinator,,scraped,2026-07-07T01:22:22.488528,
eb83c61db516a4b2,https://www.linkedin.com/jobs/view/talent-acquisition-partner-global-e-commerce-los-angeles-at-tiktok-4435246740,Talent Acquisition Partner (Global E-Commerce) - Los Angeles,,scraped,2026-07-07T01:22:29.549547,
96e15604005772f0,https://www.linkedin.com/jobs/view/museum-facilitator-temporary-part-time-at-city-of-downey-4432395944,Museum Facilitator (Temporary/Part-Time),City of Downey,posted,2026-07-07T01:22:48.533768,22
6ab1db11bf1924fb,https://www.linkedin.com/jobs/view/director-of-planning-wholesale-at-skims-4436354352,Director of Planning - Wholesale,,scraped,2026-07-07T01:22:51.468358,
c0dd24d7fdf8f63a,https://www.linkedin.com/jobs/view/coordinator-communications-at-the-walt-disney-company-4435441507,"Coordinator, Communications",,scraped,2026-07-07T01:22:59.327157,
07012eadfe422333,https://www.linkedin.com/jobs/view/fashion-copywriting-assistant-at-revolve-4436248899,Fashion Copywriting Assistant,REVOLVE,posted,2026-07-07T01:24:05.281124,24
ea8f0420377b2d0b,https://www.linkedin.com/jobs/view/expression-of-interest-future-roles-at-risewell-homes-4437495915,Expression of Interest - Future Roles,Risewell Homes,posted,2026-07-07T01:24:18.719720,26
e7334f5e313ffa67,https://www.linkedin.com/jobs/view/direct-support-professional-at-sevita-4412290465,Direct Support Professional,,scraped,2026-07-07T01:24:21.788712,
92a7fcf584ad0aa0,https://www.linkedin.com/jobs/view/caregiver-weekly-pay-%2B-benefits-at-thekey-4407870837,Caregiver (Weekly Pay + Benefits),TheKey,posted,2026-07-07T01:25:56.398028,28
dfc8316b7eb725d5,https://www.linkedin.com/jobs/view/department-manager-at-mcdonald-s-4320761454,Department Manager,,scraped,2026-07-07T01:25:59.071790,
80dddecfb3cde3aa,https://www.linkedin.com/jobs/view/yard-worker-at-pick-your-part-4434937190,Yard Worker,,scraped,2026-07-07T01:26:13.218815,
f24815a6ccaf9bce,https://www.linkedin.com/jobs/view/maintenance-assistant-at-high-caliber-organics-inc-4432786187,Maintenance Assistant,"High Caliber Organics, Inc.",posted,2026-07-07T01:26:57.895835,30
02e454c2ef0143d9,https://www.linkedin.com/jobs/view/mechanical-estimator-at-dpr-construction-4428140174,Mechanical Estimator,,scraped,2026-07-07T01:27:00.524793,
ae69ae0ea5fd8492,https://www.linkedin.com/jobs/view/substitute-custodian-operational-support-services-administration-and-business-services-s-2712-at-riverside-county-office-of-education-4433761324,Substitute Custodian - Operational Support Services/Administration and Business Services (S-2712),,scraped,2026-07-07T01:27:07.535672,
99fe1198f8727b01,https://www.linkedin.com/jobs/view/expediter-at-general-atomics-aeronautical-systems-4436405359,Expediter,,scraped,2026-07-07T01:27:14.608316,
0dd9f8c572421bdf,https://www.linkedin.com/jobs/view/baker-at-einstein-bros-bagels-4436170149,Baker,,scraped,2026-07-07T01:27:26.962084,
c909f53daa2c71f6,https://www.linkedin.com/jobs/view/sales-management-trainee-at-enterprise-4368490320,Sales Management Trainee,Enterprise,posted,2026-07-07T01:28:16.189993,32
3877aaa9f65c5400,https://www.linkedin.com/jobs/view/assistant-manager-at-panda-restaurant-group-4434301605,Assistant Manager,,scraped,2026-07-07T01:28:18.892768,
bd3945916cf45e5e,https://www.linkedin.com/jobs/view/direct-support-professional-at-sevita-4412287615,Direct Support Professional,,scraped,2026-07-07T01:28:35.013221,
8205777314e08c07,https://www.linkedin.com/jobs/view/driver-at-a-p-moller-maersk-4436418987,Driver,,scraped,2026-07-07T01:28:47.344899,
dd294eac697a9fad,https://www.linkedin.com/jobs/view/account-technician-payroll-at-city-of-rancho-cucamonga-4432707915,Account Technician -Payroll,,scraped,2026-07-07T01:28:54.352237,
e8e0fc3ae394c145,https://www.linkedin.com/jobs/view/onsite-support-representative-at-stanley-black-decker-inc-4416981329,Onsite Support Representative,"Stanley Black &amp; Decker, Inc.",posted,2026-07-07T01:29:32.526676,34
092ef398bd7c6799,https://www.linkedin.com/jobs/view/baker-at-einstein-bros-bagels-4436305098,Baker,,scraped,2026-07-07T01:29:35.113674,
ee5975e46c14a0d4,https://www.linkedin.com/jobs/view/special-inspector-at-nv5-4416501239,Special Inspector,,scraped,2026-07-07T01:30:51.903550,
dd7b485f0c2858eb,https://www.linkedin.com/jobs/view/vehicle-inspector-at-crawford-thomas-recruiting-4436257933,Vehicle Inspector,,scraped,2026-07-07T01:31:00.918356,
6851df0edf68ea84,https://www.linkedin.com/jobs/view/department-manager-at-hobby-lobby-4434611175,Department Manager,,scraped,2026-07-07T01:32:52.189461,
2f69fd71b45a709d,https://www.linkedin.com/jobs/view/delivery-specialist-at-o-reilly-auto-parts-4359749252,Delivery Specialist,,scraped,2026-07-07T01:33:06.485148,
7584ed1eb5ed9f7a,https://www.linkedin.com/jobs/view/tow-truck-driver-at-everglades-airboat-tours-4436166426,Tow Truck Driver,,scraped,2026-07-07T01:33:38.121168,
4985d6637efed3f0,https://www.linkedin.com/jobs/view/assistant-manager-at-panda-restaurant-group-4434615008,Assistant Manager,,scraped,2026-07-07T01:33:57.209325,
663a0122ef63f944,https://www.linkedin.com/jobs/view/handyperson-at-kbs-kellermeyer-bergensons-services-llc-4435040700,Handyperson,,scraped,2026-07-07T01:34:56.238404,
ab5525752d611f23,https://www.linkedin.com/jobs/view/service-worker-at-transdev-north-america-4436106618,Service Worker,,scraped,2026-07-07T01:35:03.577308,
34c1920a405d2522,https://www.linkedin.com/jobs/view/bulk-operator-iii-at-ardent-mills-4434346113,Bulk Operator III,,scraped,2026-07-07T01:35:19.470375,
39246cb0bd231c5d,https://www.linkedin.com/jobs/view/case-manager-adoption-promotion-support-services-at-optimist-youth-homes-and-family-services-4436409557,Case Manager (Adoption Promotion Support Services),,scraped,2026-07-07T01:35:45.013796,
7d22597146c8ad7d,https://www.linkedin.com/jobs/view/service-coordinator-at-acertus-4431568060,Service Coordinator,,scraped,2026-07-07T01:35:56.810108,
2a9aa9017c156142,https://www.linkedin.com/jobs/view/workflow-automation-engineer-at-safeway-sign-company-4435523784,Workflow Automation Engineer,,scraped,2026-07-07T01:36:27.531939,
8c8b821ddbdfce41,https://www.linkedin.com/jobs/view/aircraft-composite-bonder-military-and-veterans-encouraged-to-apply-at-northrop-grumman-4432307758,Aircraft Composite Bonder Military and Veterans Encouraged to Apply,,scraped,2026-07-07T01:36:53.731175,
97513d9317ee4ad5,https://www.linkedin.com/jobs/view/sr-executive-assistant-ph-at-the-walt-disney-company-4434347357,Sr Executive Assistant (PH),,scraped,2026-07-07T01:37:17.368924,
18543d4052bb524f,https://www.linkedin.com/jobs/view/bookkeeper-ap-assistant-part-time-at-rapt-studio-4435341715,Bookkeeper / AP Assistant (Part Time),Rapt Studio,posted,2026-07-07T01:38:43.393821,36
1780a20e5ff83942,https://www.linkedin.com/jobs/view/sr-hr-partner-semi-at-tesla-4436451684,"Sr. HR Partner, Semi",Tesla,posted,2026-07-07T01:39:26.000677,38
20cba4a46bfce226,https://www.linkedin.com/jobs/view/chief-of-staff-at-ghost-4417413684,Chief of Staff,,scraped,2026-07-07T01:39:29.123864,
5416ea5b125d8009,https://www.linkedin.com/jobs/view/specialist-social-media-marketing-at-universal-studios-hollywood-4435535412,"Specialist, Social Media Marketing",Universal Studios Hollywood,posted,2026-07-07T01:40:44.681688,40
9035d7ffc720193d,https://www.linkedin.com/jobs/view/director-of-project-management-at-revolve-4436262607,Director of Project Management,REVOLVE,posted,2026-07-07T01:41:18.493141,42
11038482b0556245,https://www.linkedin.com/jobs/view/academic-human-resources-analyst-1-at-ucla-4435346385,Academic Human Resources Analyst 1,UCLA,posted,2026-07-07T01:41:29.655446,44
047e8f5c487f00fd,https://www.linkedin.com/jobs/view/stage-managers-seasonal-at-angel-city-football-club-4435898785,Stage Managers (Seasonal),,scraped,2026-07-07T01:41:32.378701,
a95d034e5724a567,https://www.linkedin.com/jobs/view/global-music-finance-business-partner-at-tiktok-4435417470,"Global Music, Finance Business Partner",,scraped,2026-07-07T01:42:20.372474,
3e882a3fae170525,https://www.linkedin.com/jobs/view/video-producer-at-the-luxury-home-show-4435294150,Video Producer,,scraped,2026-07-07T01:42:44.177076,
cecac6969c892728,https://www.linkedin.com/jobs/view/legal-executive-assistant-disney-consumer-products-dcp-at-the-walt-disney-company-4435112127,Legal Executive Assistant- Disney Consumer Products (DCP),,scraped,2026-07-07T01:43:03.388389,
3957d5842ce546d7,https://www.linkedin.com/jobs/view/sr-manager-people-culture%C2%A0business-partner-at-the-walt-disney-company-4434993618,"Sr Manager, People & Culture Business Partner",,scraped,2026-07-07T01:43:30.381905,
5889b1e902603525,https://www.linkedin.com/jobs/view/office-administrator-at-bath-planet-4435371420,Office Administrator,,scraped,2026-07-07T01:43:57.796609,
e3fe55a906706dce,https://www.linkedin.com/jobs/view/design-manager-at-revolve-4434368296,Design Manager,REVOLVE,posted,2026-07-07T01:45:12.115591,46
6ef5ac20b6d92114,https://www.linkedin.com/jobs/view/planning-manager-at-city-of-south-pasadena-4432759846,Planning Manager,City of South Pasadena,posted,2026-07-07T01:45:49.450113,48
fbe0c5f7d9be3ef7,https://www.linkedin.com/jobs/view/director-of-brand-marketing-at-revel-real-estate-4436251745,Director of Brand & Marketing,,scraped,2026-07-07T01:45:52.129216,
27d95dea8447a63e,https://www.linkedin.com/jobs/view/head-of-production-operations-at-miaou-4436253852,Head of Production & Operations,Miaou,posted,2026-07-07T01:46:12.911397,50
e0db0b65a9e832f3,https://www.linkedin.com/jobs/view/senior-people-culture-advisor-at-lululemon-4433728033,Senior People & Culture Advisor,,scraped,2026-07-07T01:46:15.952868,
3f7d72fefa8c1c27,https://www.linkedin.com/jobs/view/community-organizer-temporary-at-planned-parenthood-pasadena-and-san-gabriel-valley-4435412323,Community Organizer - Temporary,,scraped,2026-07-07T01:46:23.075338,
80b99ad607ee40ca,https://www.linkedin.com/jobs/view/community-operations-specialist-lead-generation-tiktok-live-at-tiktok-4436274223,Community Operations Specialist (Lead Generation) - TikTok LIVE,,scraped,2026-07-07T01:46:37.027977,
275388dd01ab8a03,https://www.linkedin.com/jobs/view/bcba-%2410-000-bonus-flexibility-at-abs-kids-4423638438,"BCBA ($10,000 Bonus, Flexibility)",,scraped,2026-07-07T01:46:50.746272,
803001341ba6a087,https://www.linkedin.com/jobs/view/bcba-%2410-000-bonus-flexibility-at-abs-kids-4425337695,"BCBA ($10,000 Bonus, Flexibility)",,scraped,2026-07-07T01:46:58.388954,
7a6e6957c1827398,https://www.linkedin.com/jobs/view/bcba-%2410-000-bonus-flexibility-at-abs-kids-4423644001,"BCBA ($10,000 Bonus, Flexibility)",,scraped,2026-07-07T01:47:29.874983,
d0bf30049ca5866a,https://www.linkedin.com/jobs/view/assistant-team-leader-at-loop-neighborhood-4436170071,Assistant Team Leader,,scraped,2026-07-07T01:47:46.441154,
3af492c2d720e393,https://www.linkedin.com/jobs/view/senior-bcba-%2410-000-bonus-flexibility-at-abs-kids-4423643068,"Senior BCBA ($10,000 Bonus, Flexibility)",,scraped,2026-07-07T01:48:08.802029,
746ab715abe23e07,https://www.linkedin.com/jobs/view/school-crossing-guard-stanton-at-all-city-management-services-4437468396,School Crossing Guard - Stanton,,scraped,2026-07-07T01:48:16.885539,
d2b89ba779048942,https://www.linkedin.com/jobs/view/school-crossing-guard-garden-grove-at-all-city-management-services-4437454755,School Crossing Guard - Garden Grove,,scraped,2026-07-07T01:48:32.777922,
07efd033ebfcb541,https://www.linkedin.com/jobs/view/school-crossing-guard-costa-mesa-at-all-city-management-services-4437466400,School Crossing Guard - Costa Mesa,All City Management Services,posted,2026-07-07T01:48:52.963995,52
5323b820fbf56ada,https://www.linkedin.com/jobs/view/classified-substitute-2026-2027-1-at-alvord-unified-school-district-4437702064,Classified Substitute 2026-2027 (1),,scraped,2026-07-07T01:48:55.882000,
8824ccadc769bc7d,https://www.linkedin.com/jobs/view/school-crossing-guard-fountain-valley-at-all-city-management-services-4437456642,School Crossing Guard - Fountain Valley,All City Management Services,posted,2026-07-07T01:49:11.287167,54
2a29b539a48931ef,https://www.linkedin.com/jobs/view/8330/,"2,000+Agent Commercial Jobs in France",,failed|wp_post_failed,2026-07-07T01:49:15.564912,
ff31488a9dc13a54,https://www.linkedin.com/jobs/view/caregiver-weekly-pay-%2B-benefits-at-thekey-4392084328,Caregiver (Weekly Pay + Benefits),TheKey,posted,2026-07-07T01:49:29.817114,28
84cb9b9dcc267d0b,https://www.linkedin.com/jobs/view/maintenance-at-mcdonald-s-4406450214,Maintenance,,scraped,2026-07-07T01:49:32.465959,
865a3c4a5c151eef,https://www.linkedin.com/jobs/view/maintenance-at-mcdonald-s-4272131586,Maintenance,,scraped,2026-07-07T01:49:46.893955,
883c03843be8fd46,https://www.linkedin.com/jobs/view/maintenance-at-mcdonald-s-4272136414,Maintenance,,scraped,2026-07-07T01:50:12.723066,
1f0721227891efa4,https://www.linkedin.com/jobs/view/maintenance-at-mcdonald-s-4373770919,Maintenance,,scraped,2026-07-07T01:50:28.776746,
7b7c88f2c46602ac,https://www.linkedin.com/jobs/view/school-crossing-guard-buena-park-at-all-city-management-services-4437459545,School Crossing Guard - Buena Park,,scraped,2026-07-07T01:50:47.368407,
da0b5fbfe865f2f5,https://www.linkedin.com/jobs/view/maintenance-technician-at-walmart-4336099184,Maintenance Technician,,scraped,2026-07-07T01:51:15.834595,
da77850743b0f127,https://www.linkedin.com/jobs/view/senior-bcba-%2410-000-bonus-flexibility-at-abs-kids-4423639437,"Senior BCBA ($10,000 Bonus, Flexibility)",,scraped,2026-07-07T01:51:38.797190,
ab1800c3026ab04a,https://www.linkedin.com/jobs/view/shift-manager-at-mcdonald-s-4320691663,Shift Manager,,scraped,2026-07-07T01:51:57.778676,
3cf1071a0133b331,https://www.linkedin.com/jobs/view/store-manager-at-panda-restaurant-group-4434306385,Store Manager,,scraped,2026-07-07T01:52:04.590915,
5dbaa79b2b113231,https://www.linkedin.com/jobs/view/school-crossing-guard-whittier-at-all-city-management-services-4436404809,School Crossing Guard - Whittier,,scraped,2026-07-07T01:52:23.279518,
1cb0aaee16d46eb6,https://www.linkedin.com/jobs/view/caregiver-needed-fontana-ca-at-thekey-4407891210,"Caregiver Needed - Fontana, CA",TheKey,posted,2026-07-07T01:52:58.300563,56
9d114e009b2c4608,https://www.linkedin.com/jobs/view/member-assist-cart-attendant-at-sam-s-club-4337410212,Member Assist Cart Attendant,,scraped,2026-07-07T01:53:01.454692,
b34c7c753020cf0f,https://www.linkedin.com/jobs/view/school-crossing-guard-rancho-cucamonga-at-all-city-management-services-4437450994,School Crossing Guard - Rancho Cucamonga,,scraped,2026-07-07T01:53:08.589980,
dac088a368ae14ee,https://www.linkedin.com/jobs/view/digital-academy-trainer-at-walmart-4428144803,Digital Academy Trainer,,scraped,2026-07-07T01:53:24.444960,
42b37e7b1f5c2dc5,https://www.linkedin.com/jobs/view/weekends-central-la-caregivers-hca-per-id-at-thekey-4434938767,Weekends Central LA caregivers (HCA Per ID),TheKey,posted,2026-07-07T01:53:59.912476,58
8d28c9295dfea6cd,https://www.linkedin.com/jobs/view/procurement-specialist-at-pick-your-part-4434939148,Procurement Specialist,,scraped,2026-07-07T01:54:02.903533,
02f9302aa499b13e,https://www.linkedin.com/jobs/view/prepared-meals-and-rotisserie-chicken-associate-at-sam-s-club-4332690669,Prepared Meals and Rotisserie Chicken Associate,,scraped,2026-07-07T01:54:28.710930,
1b9c22279ab3a099,https://www.linkedin.com/jobs/view/delivery-driver-08514-31240-palos-verdes-drive-west-at-domino-s-4431549740,Delivery Driver(08514) - 31240 Palos Verdes Drive West,Domino's,posted,2026-07-07T01:55:19.990241,60
34c1ed55115dd4b8,https://www.linkedin.com/jobs/view/maintenance-custodian-associate-at-sam-s-club-4337310757,Maintenance Custodian Associate,,scraped,2026-07-07T01:55:22.655586,
0d897a5a34b42da0,https://www.linkedin.com/jobs/view/composite-bonder-technician-level-2-3-at-northrop-grumman-4436107714,Composite Bonder Technician - Level 2&3,,scraped,2026-07-07T01:56:08.399277,
42e989369ddcff46,https://www.linkedin.com/jobs/view/member-specialist-at-sam-s-club-4423112980,MEMBER SPECIALIST,,scraped,2026-07-07T01:56:22.616190,
07755a921565e3f4,https://www.linkedin.com/jobs/view/mhe-parts-inventory-coordinator-at-skechers-4434938396,MHE Parts Inventory Coordinator,,scraped,2026-07-07T01:57:27.623673,
341052d3d2f0ace3,https://www.linkedin.com/jobs/view/store-manager-at-panda-restaurant-group-4434302635,Store Manager,,scraped,2026-07-07T01:58:18.639744,
d8a6ac7f395938f8,https://www.linkedin.com/jobs/view/pharmacy-technician-at-walmart-4423183988,Pharmacy Technician,,scraped,2026-07-07T01:58:44.862809,
3d5761f9c0b5fa37,https://www.linkedin.com/jobs/view/shift-manager-at-mcdonald-s-4320751463,Shift Manager,,scraped,2026-07-07T01:58:52.119957,
a7bc66c1661f2da9,https://www.linkedin.com/jobs/view/caregivers-needed-4-8-hours-shifts-at-thekey-4392081351,Caregivers needed (4-8 hours shifts),TheKey,posted,2026-07-07T01:59:09.596695,62
d596349568bd18c2,https://www.linkedin.com/jobs/view/crew-member-at-chipotle-mexican-grill-4436937415,Crew Member,,scraped,2026-07-07T01:59:12.230693,
282bd991c2cd65c0,https://www.linkedin.com/jobs/view/asset-protection-at-walmart-4369089041,Asset Protection,,scraped,2026-07-07T02:00:22.837145,
d0e3a64a856cd8f0,https://www.linkedin.com/jobs/view/community-specialist-americana-at-brand-at-lululemon-4422229373,Community Specialist | AMERICANA AT BRAND,,scraped,2026-07-07T02:00:54.396967,
ee10f9415297ac45,https://www.linkedin.com/jobs/view/director-supply-chain-ihop-at-centralized-supply-chain-services-llc-4434615418,"Director, Supply Chain - IHOP",,scraped,2026-07-07T02:01:01.555536,
25d912de39692a5c,https://www.linkedin.com/jobs/view/events-producer-at-pop-mart-4433946576,Events Producer,,scraped,2026-07-07T02:01:08.676015,
7fc21afafb66d8b5,https://www.linkedin.com/jobs/view/merchandising-manager-women-s-apparel-at-everlane-4431562323,"Merchandising Manager, Women's Apparel",,scraped,2026-07-07T02:01:15.599075,
7fdc32c6a062dcbf,https://www.linkedin.com/jobs/view/runner-at-the-hollywood-roosevelt-4432843177,Runner,,scraped,2026-07-07T02:01:42.321270,
f4fccd6d0ff1f771,https://www.linkedin.com/jobs/view/client-advisor-beverly-hills-rodeo-drive-at-bvlgari-4437453997,"Client Advisor, Beverly Hills Rodeo Drive",Bvlgari,posted,2026-07-07T02:01:59.763227,64
ce8e396a4cd71ae1,https://www.linkedin.com/jobs/view/designer-at-nbcuniversal-4436429385,Designer,NBCUniversal,posted,2026-07-07T02:02:39.339861,66
a0b1476390c54e23,https://www.linkedin.com/jobs/view/affiliate-partnerships-coordinator-at-sunny-health-fitness-4432795687,Affiliate & Partnerships Coordinator,Sunny Health &amp; Fitness,posted,2026-07-07T02:02:48.837284,68
9091f10becf9eeeb,https://www.linkedin.com/jobs/view/sales-manager-los-angeles-at-fiji-water-4436148224,Sales Manager - Los Angeles,,scraped,2026-07-07T02:02:51.654260,
6fee7fef912c153a,https://www.linkedin.com/jobs/view/human-resources-generalist-at-hd-supply-4435275314,Human Resources Generalist,HD Supply,posted,2026-07-07T02:03:17.140346,70
9b2369d0dd5c0581,https://www.linkedin.com/jobs/view/growth-operations-lead-at-nuey-4435480706,Growth & Operations Lead,,scraped,2026-07-07T02:03:19.763526,
4468a20e845aa8fb,https://www.linkedin.com/jobs/view/production-manager-softgoods-at-whitespace-4434367687,Production Manager - Softgoods,WHITESPACE,posted,2026-07-07T02:03:44.983805,72
b5883f6ff7c70152,https://www.linkedin.com/jobs/view/law-school-admissions-consultant-at-inspira-education-4435870836,Law School Admissions Consultant,,scraped,2026-07-07T02:03:47.651401,
e03e8525f0142e38,https://www.linkedin.com/jobs/view/private-equity-analyst-at-versus-4434167612,Private Equity Analyst,,scraped,2026-07-07T02:04:05.336258,
9979467ea5feb2af,https://www.linkedin.com/jobs/view/creator-manager-los-angeles-at-spotlight-media-4435887898,Creator Manager - Los Angeles,,scraped,2026-07-07T02:04:24.277708,
2492df514c157178,https://www.linkedin.com/jobs/view/gm-new-categories-at-arena-club-4435804474,GM New Categories,Arena Club,posted,2026-07-07T02:04:41.577167,74
cc44143f2aca4e12,https://www.linkedin.com/jobs/view/social-marketing-manager-at-dnam-brands-4435357201,Social Marketing Manager,DNAM Brands,posted,2026-07-07T02:04:56.604829,76
a7e1dee5791d4221,https://www.linkedin.com/jobs/view/front-end-entry-level-at-vons-4428120873,Front End Entry Level,,scraped,2026-07-07T02:04:59.291644,
c0278a9ee5b71292,https://www.linkedin.com/jobs/view/copywriter-marketing-at-snap-inc-4437437345,"Copywriter, Marketing",,scraped,2026-07-07T02:05:06.429779,
5afe25f604a44d40,https://www.linkedin.com/jobs/view/full-time-assistant-manager-at-cinemark-4435844956,Full-Time Assistant Manager,,scraped,2026-07-07T02:05:24.742392,
8f458c5a49c5912e,https://www.linkedin.com/jobs/view/assistant-store-manager-at-extra-space-storage-4436116681,Assistant Store Manager,Extra Space Storage,posted,2026-07-07T02:06:24.949267,78
76d37254ba0c9280,https://www.linkedin.com/jobs/view/art-room-manager-at-safeway-sign-company-4435526639,Art Room Manager,,scraped,2026-07-07T02:06:27.670086,
b4028d4eb05e2922,https://www.linkedin.com/jobs/view/emergency-medical-technician-at-symbiosis-4436469176,Emergency Medical Technician,,scraped,2026-07-07T02:06:34.635401,
b4cef492901a8516,https://www.linkedin.com/jobs/view/technician-pomona-at-the-home-depot-4435240555,Technician - Pomona,,scraped,2026-07-07T02:07:01.637089,
a37aad3999d0a669,https://www.linkedin.com/jobs/view/vehicle-condition-inspector-at-acv-auctions-4423191570,Vehicle Condition Inspector,,scraped,2026-07-07T02:07:22.794423,
ae7be2deb70bee33,https://www.linkedin.com/jobs/view/usa-technician-general-facilities-maintenance-at-walmart-4416155088,"(USA) Technician, General Facilities Maintenance",,scraped,2026-07-07T02:07:37.442939,
efbf05389dff26a9,https://www.linkedin.com/jobs/view/staffing-consultant-agency-recruiter-at-beacon-hill-4435000545,Staffing Consultant - Agency Recruiter,Beacon Hill,posted,2026-07-07T02:08:27.077828,80
903bf546e0171498,https://www.linkedin.com/jobs/view/multi-skilled-technician-at-7-eleven-4398500778,Multi Skilled Technician,,scraped,2026-07-07T02:08:30.190575,
d2c93437e4bb2285,https://www.linkedin.com/jobs/view/delivery-specialist-at-o-reilly-auto-parts-4361224307,Delivery Specialist,,scraped,2026-07-07T02:08:49.568892,
3076925ad4c9171b,https://www.linkedin.com/jobs/view/bread-slicer-packer-la-commissary-at-tartine-bakery-4436409321,Bread Slicer & Packer - LA Commissary,Tartine Bakery,posted,2026-07-07T02:09:47.300904,82
02979370446c1dae,https://www.linkedin.com/jobs/view/marketing-partnership-manager-at-bigo-4435026604,Marketing &Partnership Manager,,scraped,2026-07-07T02:09:50.362607,
3d04c6ffec1bd943,https://www.linkedin.com/jobs/view/registered-dietician-rd-for-home-health-at-feldcare-connects-4433977354,Registered Dietician (RD)  for Home Health,,scraped,2026-07-07T02:09:57.200984,
66ad0299fc2e224f,https://www.linkedin.com/jobs/view/communications-assistant-%E2%80%93-immediate-start-at-draftomat-4431971739,Communications Assistant – Immediate Start,,scraped,2026-07-07T02:10:12.484429,
6231faa909d27e74,https://www.linkedin.com/jobs/view/project-coordinator-at-akkodis-4436224361,Project Coordinator,,scraped,2026-07-07T02:10:38.592423,
3e547f4c73945be6,https://www.linkedin.com/jobs/view/associate-service-manager-at-tesla-4436164008,Associate Service Manager,Tesla,posted,2026-07-07T02:11:16.591568,84
f583ad8eacf1fa82,https://www.linkedin.com/jobs/view/strategic-partner-manager-at-twitch-4417441122,Strategic Partner Manager,,scraped,2026-07-07T02:11:19.858626,
6457af7a54a585de,https://www.linkedin.com/jobs/view/human-resources-generalist-at-morrison-express-4424453546,Human Resources Generalist,,scraped,2026-07-07T02:11:32.073832,
0b3f2e5c05a1539f,https://www.linkedin.com/jobs/view/manager-sales-strategy-development-at-wildbrain-4433896094,"Manager, Sales Strategy & Development",,scraped,2026-07-07T02:11:38.547828,
65a8defd2f2655a0,https://www.linkedin.com/jobs/view/creative-tech-researcher-4-at-netflix-4423183516,Creative Tech Researcher 4,,scraped,2026-07-07T02:11:45.017163,
afac84d7ed6fca26,https://www.linkedin.com/jobs/view/hr-business-partner-us-operations-west-coast-at-activate-games-4436129661,HR Business Partner - US Operations (West Coast),,scraped,2026-07-07T02:11:52.009600,
39431205c224da37,https://www.linkedin.com/jobs/view/talent-development-specialist-iii-at-nasa-jet-propulsion-laboratory-4421642733,Talent Development Specialist III,,scraped,2026-07-07T02:11:59.128159,
b6291c776e991c89,https://www.linkedin.com/jobs/view/regional-controller-at-coast-southwest-inc-4434969851,Regional Controller,,scraped,2026-07-07T02:12:25.692303,
db8331da4b2d20b0,https://www.linkedin.com/jobs/view/kidstrong-coach-at-kidstrong-4433767940,KidStrong Coach,,scraped,2026-07-07T02:12:40.440114,
7fb6286be465a8d5,https://www.linkedin.com/jobs/view/district-manager-at-big-brand-tire-service-4432339917,District Manager,,scraped,2026-07-07T02:12:47.670789,
458fb9275ff7ed28,https://www.linkedin.com/jobs/view/executive-personal-assistant-at-confidential-4434349590,Executive/Personal Assistant,,scraped,2026-07-07T02:12:55.087489,
228a8dfcaded62c7,https://www.linkedin.com/jobs/view/office-administrator-at-bath-planet-4434619489,Office Administrator,Bath Planet,posted,2026-07-07T02:14:36.723341,86
5e9b66f0a80de7b3,https://www.linkedin.com/jobs/view/general-services-supervisor-at-los-angeles-metro-4432356129,GENERAL SERVICES SUPERVISOR,,scraped,2026-07-07T02:14:39.374403,
03bfe29087bf3454,https://www.linkedin.com/jobs/view/data-entry-clerk-at-burjline-builders-4435452488,Data Entry Clerk,Burjline Builders,posted,2026-07-07T02:15:09.735415,88
3a06f66978be2aaa,https://www.linkedin.com/jobs/view/nutrition-sales-consultant-at-justfoodfordogs-4437478982,Nutrition Sales Consultant,,scraped,2026-07-07T02:15:12.314703,
88350f0906790537,https://www.linkedin.com/jobs/view/investment-banking-analyst-media-los-angeles-at-moelis-company-4416972319,"Investment Banking Analyst, Media - Los Angeles",,scraped,2026-07-07T02:15:34.551181,
f25b0833fbbdc86b,https://www.linkedin.com/jobs/view/social-commerce-associate-at-viral-nation-4436406589,Social Commerce Associate,,scraped,2026-07-07T02:16:01.504113,
754b978125f0ebdc,https://www.linkedin.com/jobs/view/retail-associate-studio-city-at-feature-4432732023,Retail Associate - Studio City,,scraped,2026-07-07T02:17:41.627176,
c49cb5b2cdafe0ed,https://www.linkedin.com/jobs/view/theatre-team-member-at-cinemark-4435855300,Theatre Team Member,,scraped,2026-07-07T02:17:48.550023,
e680e450ac310b07,https://www.linkedin.com/jobs/view/director-of-admissions-operations-at-nafsa-association-of-international-educators-4435400277,Director of Admissions Operations,,scraped,2026-07-07T02:18:29.568866,
3d412dab2c3ea67f,https://www.linkedin.com/jobs/view/could-the-next-school-year-look-different%3F-at-3-years-on-a-rock-4433157913,Could the Next School Year Look Different?,,scraped,2026-07-07T02:19:01.380439,
ee8fb6cae56ef231,https://www.linkedin.com/jobs/view/entry-level-recruiter-sales-at-outsource-4436211549,Entry Level Recruiter / Sales,,scraped,2026-07-07T02:19:08.361100,
d110afa81f2bc004,https://www.linkedin.com/jobs/view/payroll-clerk-at-rusnak-auto-group-4437121913,Payroll Clerk,Rusnak Auto Group,posted,2026-07-07T02:19:57.877092,90
62d2d3e0a956515d,https://www.linkedin.com/jobs/view/central-scheduler-golden-optometric-at-rosin-eyecare-4436253538,Central Scheduler - Golden Optometric,Rosin Eyecare,posted,2026-07-07T02:20:07.507473,92
8ef703f572ef319a,https://www.linkedin.com/jobs/view/manager-motion-design-brand-creative-studio-at-netflix-4413649816,"Manager, Motion Design - Brand Creative Studio",,scraped,2026-07-07T02:20:10.594967,
1b173ac5b1be1505,https://www.linkedin.com/jobs/view/retail-operations-manager-west-at-zegna-4435398109,"Retail Operations Manager, West",,scraped,2026-07-07T02:20:23.705985,
cfbb8daed7f1029c,https://www.linkedin.com/jobs/view/social-media-manager-at-careerscape-4433123908,Social Media Manager,Careerscape,posted,2026-07-07T02:20:44.257535,94
4a5527d7f9e98354,https://www.linkedin.com/jobs/view/tiktok-shop-sop-program-manager-at-tiktok-4436035857,TikTok Shop - SOP Program Manager,,scraped,2026-07-07T02:20:47.261016,
ecb756f807940c98,https://www.linkedin.com/jobs/view/administrative-assistant-at-motion-recruitment-4435348868,Administrative Assistant,,scraped,2026-07-07T02:21:09.920022,
f7a49ac3252b23ff,https://www.linkedin.com/jobs/view/assistant-administrator-for-assisted-living-glendale-at-glen-park-senior-living-4436109552,Assistant Administrator for Assisted Living Glendale,,scraped,2026-07-07T02:22:38.997571,
cd7869c418583d8b,https://www.linkedin.com/jobs/view/junior-legal-assistant-at-white-case-llp-4418478367,Junior Legal Assistant,White & Case LLP,posted,2026-07-07T02:24:19.660476,96
388b5ca8842a229c,https://www.linkedin.com/jobs/view/associate-product-manager-at-activision-4436452755,Associate Product Manager,Activision,posted,2026-07-07T02:24:28.387704,98
1349e2c926cf270d,https://www.linkedin.com/jobs/view/full-time-assistant-manager-at-cinemark-4435862074,Full-Time Assistant Manager,,scraped,2026-07-07T02:24:31.058055,
ec65ab0f071cb2bd,https://www.linkedin.com/jobs/view/executive-assistant-at-solomon-page-4414015734,Executive Assistant,Solomon Page,posted,2026-07-07T02:26:19.630955,100
d654500dc34c660b,https://www.linkedin.com/jobs/view/dual-site-senior-community-manager-luxe-pasadena-and-andalucia-pasadena-at-greystar-4433706494,Dual Site - Senior Community Manager - Luxe Pasadena and Andalucia Pasadena,,scraped,2026-07-07T02:26:22.300917,
2b3ed385818d8389,https://www.linkedin.com/jobs/view/program-manager-bringing-families-home-at-upward-bound-house-4436456097,"Program Manager, Bringing Families Home",Upward Bound House,posted,2026-07-07T02:26:47.616652,102
74f61b334a1244e7,https://www.linkedin.com/jobs/view/public-information-specialist-at-county-of-los-angeles-4436456316,PUBLIC INFORMATION SPECIALIST,,scraped,2026-07-07T02:26:50.778104,
5253e36881521677,https://www.linkedin.com/jobs/view/vp-marketing-strategy-rock-alternative-country-at-warner-music-group-4416999221,"VP, Marketing Strategy (Rock, Alternative, & Country)",Warner Music Group,posted,2026-07-07T02:27:10.571806,104
8cadb0fee84ec0b6,https://www.linkedin.com/jobs/view/business-development-associate-at-flix-4435354990,Business Development Associate,,scraped,2026-07-07T02:27:13.260267,
254fc60589ef70fc,https://www.linkedin.com/jobs/view/executive-administrative-assistant-at-jpmorganchase-4435374818,Executive Administrative Assistant,,scraped,2026-07-07T02:27:20.094596,
28cd2d3c1d391503,https://www.linkedin.com/jobs/view/customer-service-showroom-coordinator-at-dupe-4434356756,Customer Service & Showroom Coordinator,,scraped,2026-07-07T02:28:38.977879,
924d3bd34c08c1d7,https://www.linkedin.com/jobs/view/design-lead-at-fam-brands-4433984238,Design Lead,,scraped,2026-07-07T02:28:50.497165,
fd5654be407b8a99,https://www.linkedin.com/jobs/view/art-teacher-elementary-school-level-at-compton-unified-school-district-4433928626,Art Teacher - Elementary School Level,,scraped,2026-07-07T02:28:57.833919,
69bbf42da1b8cbd5,https://www.linkedin.com/jobs/view/assistant-project-manager-at-the-newport-group-executive-recruiters-4434663956,Assistant Project Manager,The Newport Group - Executive Recruiters,posted,2026-07-07T02:29:12.016218,106
24ca2fa3d2589867,https://www.linkedin.com/jobs/view/administrative-coordinator-corporate-brand-communications-at-starz-4427047117,"Administrative Coordinator, Corporate & Brand Communications",Starz,posted,2026-07-07T02:29:22.329477,108
56fc6f1b26ebc83e,https://www.linkedin.com/jobs/view/social-media-manager-at-jaanuu-4422774562,Social Media Manager,,scraped,2026-07-07T02:29:24.956221,
f3a208acebac3a25,https://www.linkedin.com/jobs/view/head-of-brand-growth-at-shay-jewelry-4435495114,Head of Brand & Growth,,scraped,2026-07-07T02:29:43.618684,
c67c064cf1a8302f,https://www.linkedin.com/jobs/view/marketing-intern-at-gentle-monster-4436427561,Marketing Intern,GENTLE MONSTER,posted,2026-07-07T02:30:39.715613,110
dd44b13b47a852f4,https://www.linkedin.com/jobs/view/marketing-assistant-at-rusnak-auto-group-4436913674,Marketing Assistant,Rusnak Auto Group,posted,2026-07-07T02:30:52.718285,112
4e30afab971754d2,https://www.linkedin.com/jobs/view/fleet-supervisor-at-8fleet-4435890751,Fleet Supervisor,,scraped,2026-07-07T02:30:55.402442,
45724c26802fe2d9,https://www.linkedin.com/jobs/view/senior-manager-of-sustainability-at-everlane-4437456614,Senior Manager of Sustainability,Everlane,posted,2026-07-07T02:33:46.435806,114
42374564933c3a78,https://www.linkedin.com/jobs/view/product-development-coordinator-at-vector-apparel-projects-inc-4436258254,Product Development Coordinator,,scraped,2026-07-07T02:33:49.507627,
e56b99ed63289fa6,https://www.linkedin.com/jobs/view/district-level-k-8th-curriculum-specialist-math-focus-2026-2027-school-year-at-compton-unified-school-district-4433933206,District-Level K-8th Curriculum Specialist - Math Focus (2026-2027 School Year),,scraped,2026-07-07T02:34:29.577874,
9b8710d1c51569b8,https://www.linkedin.com/jobs/view/founding-general-manager-at-frontier-institute-of-technology-4436925149,Founding General Manager,Frontier Institute of Technology,posted,2026-07-07T02:34:45.143712,116
5150e41c0dd4a419,https://www.linkedin.com/jobs/view/english-language-arts-ela-tutor-opportunities-at-concorde-education-4433755551,English Language Arts (ELA) Tutor Opportunities,,scraped,2026-07-07T02:34:47.785672,
1a84c44bd44b6823,https://www.linkedin.com/jobs/view/brand-specialist-at-forma-brands-4425535426,Brand Specialist,,scraped,2026-07-07T02:35:07.943140,
2afec0da6faa3fde,https://www.linkedin.com/jobs/view/creators-assistant-at-creative-artists-agency-4435324109,Creators - Assistant,,scraped,2026-07-07T02:35:30.149504,
8b73cbeb8f2f799b,https://www.linkedin.com/jobs/view/arts-administrator-at-the-huntington-4434188793,Arts Administrator,The Huntington,posted,2026-07-07T02:37:07.555572,118
7cdf4f2899f987c2,https://www.linkedin.com/jobs/view/optical-engineer-at-horizon-surgical-systems-4436153605,Optical Engineer,Horizon Surgical Systems,posted,2026-07-07T02:38:01.056316,120
cd833cfe147aa443,https://www.linkedin.com/jobs/view/project-manager-marketing-at-beauty-industry-group-4436113787,Project Manager (Marketing),,scraped,2026-07-07T02:38:03.774371,
e87eb4d053bbb283,https://www.linkedin.com/jobs/view/office-assistant-at-aligcus-inc-4435880837,Office Assistant,,scraped,2026-07-07T02:38:17.377130,
d3524a6ba64d4dc7,https://www.linkedin.com/jobs/view/post-certified-field-background-investigator-1099-at-kentech-4431906994,POST CERTIFIED FIELD BACKGROUND INVESTIGATOR:1099,,scraped,2026-07-07T02:39:33.577390,
ab0db6ea6c7638a0,https://www.linkedin.com/jobs/view/director-of-facilities-at-solheim-senior-community-4435001213,Director of Facilities,,scraped,2026-07-07T02:40:16.291159,
c61ccf8068aee038,https://www.linkedin.com/jobs/view/campaign-manager-at-vevo-4437485318,Campaign Manager,,scraped,2026-07-07T02:40:53.950432,
48fd3e9a17c82497,https://www.linkedin.com/jobs/view/director-of-production-and-strategy-experiential-at-exhibitus-inc-4436162404,Director of Production and Strategy - Experiential,,scraped,2026-07-07T02:41:01.080526,
7ae28cebd35da3d6,https://www.linkedin.com/jobs/view/community-engagement-lead-san-diego-ca-hybrid-spanish-preferred-at-brightline-4430731473,"Community Engagement Lead (San Diego, CA/ Hybrid - Spanish Preferred)",,scraped,2026-07-07T02:41:15.415754,
69cf0fab87fbb692,https://www.linkedin.com/jobs/view/business-analyst-at-skechers-4427554505,Business Analyst,,scraped,2026-07-07T02:41:30.495701,
99dfeda612815d4b,https://www.linkedin.com/jobs/view/director-of-operations-at-allfast-fastening-systems-4434697260,Director of Operations,,scraped,2026-07-07T02:41:46.034104,
d440cc498df8b764,https://www.linkedin.com/jobs/view/office-assistant-facebook-leads-at-glen-park-senior-living-4436124073,Office Assistant - Facebook Leads,,scraped,2026-07-07T02:42:27.430810,
faf08cd5574cf0ba,https://www.linkedin.com/jobs/view/analyst-associate-product-strategy-development-at-brookfield-4428149259,"Analyst/Associate, Product Strategy & Development",,scraped,2026-07-07T02:42:40.725642,
8b642c21ef6cea49,https://www.linkedin.com/jobs/view/studio-manager-at-kelly-wearstler-4431981471,Studio Manager,,scraped,2026-07-07T02:42:53.479328,
66f2aaf30650d74e,https://www.linkedin.com/jobs/view/elementary-school-principal-2026-2027-school-year-at-compton-unified-school-district-4433932248,Elementary School Principal (2026-2027 School Year),COMPTON UNIFIED SCHOOL DISTRICT,posted,2026-07-07T02:43:18.017357,122
f51110f2a348e3bd,https://www.linkedin.com/jobs/view/automotive-sales-consultant-at-martin-automotive-group-4437412355,Automotive Sales Consultant,Martin Automotive Group,posted,2026-07-07T02:43:37.828255,124
27b922b329289a1b,https://www.linkedin.com/jobs/view/data-entry-clerk-at-qureos-4433117889,Data Entry Clerk,,scraped,2026-07-07T02:43:40.531995,
8b1d7c5de4593594,https://www.linkedin.com/jobs/view/retail-associate-at-sandbox-vr-4435343488,Retail Associate,Sandbox VR,posted,2026-07-07T02:43:59.902336,126
603d342884c1032f,https://www.linkedin.com/jobs/view/associate-marketing-manager-at-startuptap-4436223440,Associate Marketing Manager,StartupTAP,posted,2026-07-07T02:44:10.838982,128
93ca1194277c0861,https://www.linkedin.com/jobs/view/development-manager-at-national-kidney-foundation-4436041755,Development Manager,,scraped,2026-07-07T02:44:13.487641,
b867e284754750f2,https://www.linkedin.com/jobs/view/creative-director-collabs-and-partnerships-at-lululemon-4433130369,Creative Director - Collabs and Partnerships,,scraped,2026-07-07T02:44:26.687239,
9f2129ce1daf30f7,https://www.linkedin.com/jobs/view/analyst-rights-management-streaming-services-at-the-walt-disney-company-4435574420,"Analyst, Rights Management, Streaming Services",The Walt Disney Company,posted,2026-07-07T02:44:50.146547,130
c402343a6fb0395e,https://www.linkedin.com/jobs/view/program-manager-ii-emergency-appointment-fire-at-county-of-los-angeles-4436132794,PROGRAM MANAGER II / Emergency Appointment Fire,,scraped,2026-07-07T02:44:53.257007,
a47e8e38ef0ce768,https://www.linkedin.com/jobs/view/healthcare-careers-introduction-to-nursing-instructor-opportunities-at-concorde-education-4433749730,Healthcare Careers & Introduction to Nursing Instructor Opportunities,,scraped,2026-07-07T02:45:18.726073,
fd947ed2db4ccf44,https://www.linkedin.com/jobs/view/part-time-associate-345-los-angeles-at-chedraui-usa-4437168829,Part-time Associate - 345 Los Angeles,,scraped,2026-07-07T02:45:26.923598,
425376b47231d106,https://www.linkedin.com/jobs/view/talent-brand-manager-at-hadrian-4424849151,Talent Brand Manager,,scraped,2026-07-07T02:45:45.487796,
84af5e911d5b844d,https://www.linkedin.com/jobs/view/communications-operations-coordinator-at-pop-mart-4433939787,Communications Operations Coordinator,,scraped,2026-07-07T02:45:57.791367,
35b9c5d8302a6240,https://www.linkedin.com/jobs/view/part-time-administrative-assistant-on-site-at-intelifi-4431913789,Part-Time Administrative Assistant (On-Site),,scraped,2026-07-07T02:47:08.349158,
bba63383c4104561,https://www.linkedin.com/jobs/view/sr-manager-strategy-commercialization-at-the-walt-disney-company-4434349295,"Sr. Manager, Strategy & Commercialization",,scraped,2026-07-07T02:47:34.096808,
f70045a174e752ab,https://www.linkedin.com/jobs/view/package-liaison-handler-at-luxer-one%C2%AE-4436273210,Package Liaison Handler,,scraped,2026-07-07T02:47:48.627561,
e634d7fb6870930b,https://www.linkedin.com/jobs/view/strategy-and-operations-lead-gtech-gtm-at-google-4434306765,"Strategy and Operations Lead, gTech GTM",,scraped,2026-07-07T02:48:19.883735,
101245bf966229c3,https://www.linkedin.com/jobs/view/client-advisor-saks-beverly-hills-at-christian-dior-couture-4435386239,Client Advisor - Saks Beverly Hills,,scraped,2026-07-07T02:48:28.722835,
2a774bc07c935074,https://www.linkedin.com/jobs/view/district-manager-socal-at-true-religion-4434373761,"District Manager, Socal",True Religion,posted,2026-07-07T02:48:46.896006,132
b24df264f6ec5819,https://www.linkedin.com/jobs/view/new-grad-rn-at-casa-colina-4429183341,New Grad RN,Casa Colina,posted,2026-07-07T02:50:26.889818,134
5f25fa447c01c425,https://www.linkedin.com/jobs/view/general-manager-at-associa-4436473104,General Manager,,scraped,2026-07-07T02:50:29.481691,
0a551e27929c6a7a,https://www.linkedin.com/jobs/view/tiktok-shop-tiktok-shop-partner-program-manager-at-tiktok-4434337833,"TikTok Shop - TikTok Shop Partner, Program Manager",,scraped,2026-07-07T02:50:55.751409,
bfccc346a6dd8c54,https://www.linkedin.com/jobs/view/elementary-visual-and-performing-arts-teacher-at-bonita-unified-school-district-4435896490,Elementary Visual and Performing Arts Teacher,,scraped,2026-07-07T02:51:17.384619,
24f0c067ec5d247a,https://www.linkedin.com/jobs/view/sports-fitness-instructor-opportunities-at-concorde-education-4433756464,Sports & Fitness Instructor Opportunities,,scraped,2026-07-07T02:51:24.171377,
d71f83399d47402c,https://www.linkedin.com/jobs/view/part-time-assistant-manager-at-cinemark-4435843949,Part-Time Assistant Manager,,scraped,2026-07-07T02:52:11.082154,
bae606cc102036e4,https://www.linkedin.com/jobs/view/junior-data-scientist-at-synergisticit-4436016137,junior data scientist,,scraped,2026-07-07T02:53:22.513210,
8524141644e2d71c,https://www.linkedin.com/jobs/view/general-manager-campus-leader-at-whalar-group-4437457581,General Manager (Campus Leader),,scraped,2026-07-07T02:53:29.172901,
cba9256c87e27d57,https://www.linkedin.com/jobs/view/dept-asst-aula-student-affairs-oiesa-work-study-at-graduate-school-of-leadership-and-change-antioch-university-4431973838,Dept Asst. - AULA Student Affairs/OIESA - [Work Study],Graduate School of Leadership and Change | Antioch University,posted,2026-07-07T02:54:48.014824,136
967356404af70835,https://www.linkedin.com/jobs/view/part-time-universal-banker-20-hours-monterey-park-branch-at-citi-4416573576,"Part-Time Universal Banker (20 Hours), Monterey Park Branch",,scraped,2026-07-07T02:54:50.704001,
d3284a8611f58938,https://www.linkedin.com/jobs/view/spanish-instructor-opportunities-at-concorde-education-4433902579,Spanish Instructor Opportunities,,scraped,2026-07-07T02:56:09.440882,
6f24501eded6b741,https://www.linkedin.com/jobs/view/experienced-in-person-k%E2%80%9312-educators-at-atelier-tutors-4436033838,Experienced IN-PERSON K–12 Educators,,scraped,2026-07-07T02:56:33.564680,
d3a60988c2be9e6a,https://www.linkedin.com/jobs/view/project-designer-architecture-at-syrian-equipment-technology-company-llc-setco-4436162310,Project Designer- Architecture,,scraped,2026-07-07T02:56:43.634970,
bc996e6386554d2a,https://www.linkedin.com/jobs/view/sales-manager-at-martin-automotive-group-4437488019,Sales Manager,Martin Automotive Group,posted,2026-07-07T02:58:21.183232,138
536f33956954fd8d,https://www.linkedin.com/jobs/view/motion-designer-at-dentsu-4432109381,Motion Designer,,scraped,2026-07-07T02:58:24.061602,
2274dd1a7d27f387,https://www.linkedin.com/jobs/view/credit-analyst-at-hankey-group-4436969306,Credit Analyst,Hankey Group,posted,2026-07-07T02:58:54.503105,140
958deac0fdd95ba9,https://www.linkedin.com/jobs/view/healthcare-careers-introduction-to-nursing-instructor-opportunities-at-concorde-education-4433747790,Healthcare Careers & Introduction to Nursing Instructor Opportunities,,scraped,2026-07-07T02:58:57.160392,
8c6839d7213a3983,https://www.linkedin.com/jobs/view/data-scientist-at-arohana-tech-solutions-private-limited-4435424131,Data Scientist,,scraped,2026-07-07T02:59:11.018665,
1cf85ddafcd221fd,https://www.linkedin.com/jobs/view/patient-financial-advocates-admitting-full-time-8-hours-days-8-00am-to-4-30pm-non-exempt-non-union-at-keck-medicine-of-usc-4435350050,"Patient Financial Advocates - Admitting - Full time 8 Hours Days (8:00am to 4:30pm) (Non-Exempt, Non-Union)",,scraped,2026-07-07T02:59:19.621727,
4f0ef4ae2de3607f,https://www.linkedin.com/jobs/view/los-angeles-angels-full-time-legal-assistant-junior-paralegal-at-los-angeles-angels-4436032153,Los Angeles Angels - Full Time Legal Assistant / Junior Paralegal,,scraped,2026-07-07T02:59:59.389982,
4b3dfc452306a1ac,https://www.linkedin.com/jobs/view/social-media-manager-content-soccer-at-the%C2%B7team-4436436113,Social Media Manager / Content - Soccer,,scraped,2026-07-07T03:00:07.791177,
8907e7514a46149f,https://www.linkedin.com/jobs/view/social-creator-strategist-210986-at-aquent-4436120793,Social Creator Strategist [210986],,scraped,2026-07-07T03:00:50.183645,
788f0d9a33255b3c,https://www.linkedin.com/jobs/view/project-coordinator-at-security-dealer-marketing-4436438299,Project Coordinator,,scraped,2026-07-07T03:01:02.921666,
23c2c720c1eae0f3,https://www.linkedin.com/jobs/view/part-time-associate-341-los-angeles-at-chedraui-usa-4437170748,Part-time Associate - 341 Los Angeles,Chedraui USA,posted,2026-07-07T03:01:21.648801,142
d60295afe76237d3,https://www.linkedin.com/jobs/view/director-of-sales-packaging-at-kelly-spicers-4434690251,Director of Sales - Packaging,,scraped,2026-07-07T03:01:24.760055,
4cfe91d9f42716f5,https://www.linkedin.com/jobs/view/maintenance-engineering-bell-gardens-ca-90201-at-parkwest-casinos-4434613282,"Maintenance, Engineering (BELL GARDENS, CA. 90201)",,scraped,2026-07-07T03:01:49.326885,
47eab484fd89efd0,https://www.linkedin.com/jobs/view/surveillance-investigator-at-allied-universal-4436446341,Surveillance Investigator,,scraped,2026-07-07T03:01:56.306757,
56749817f693b8da,https://www.linkedin.com/jobs/view/porter-at-core-spaces-4435198235,Porter,Core Spaces,posted,2026-07-07T03:02:27.924538,144
38c181650f754c75,https://www.linkedin.com/jobs/view/medical-clerk-at-vitas-healthcare-4430794722,Medical Clerk,,scraped,2026-07-07T03:02:30.607598,
3171bf2cc9f83469,https://www.linkedin.com/jobs/view/city-rise-traffic-traffic-control-associate-long-beach-at-city-rise-safety-4432744796,City Rise Traffic - Traffic Control Associate: Long Beach,City Rise Safety,posted,2026-07-07T03:02:51.542196,146
6c6b1b36aa9aa086,https://www.linkedin.com/jobs/view/driver-ambassador-electric-van-inglewood-lax-at-circuit-4436498258,Driver Ambassador- Electric Van (Inglewood LAX),,scraped,2026-07-07T03:02:54.179092,
5df7feba3d502d6a,https://www.linkedin.com/jobs/view/water-utility-worker-3912-e-rev-04-27-26-at-city-of-los-angeles-4436707083,WATER UTILITY WORKER 3912 (E) (REV 04/27/26),,scraped,2026-07-07T03:04:45.256150,
16f0a0c380558d87,https://www.linkedin.com/jobs/view/shift-leader-at-noah-s-new-york-bagels-4436164230,Shift leader,Noah's New York Bagels,posted,2026-07-07T03:05:07.268616,148
40075b40043b5fe0,https://www.linkedin.com/jobs/view/direct-support-professional-at-sevita-4412293507,Direct Support Professional,,scraped,2026-07-07T03:05:09.822003,
ac13316a2e1649c0,https://www.linkedin.com/jobs/view/instructor-auto-at-universal-technical-institute-inc-4422230063,Instructor - Auto,"Universal Technical Institute, Inc.",posted,2026-07-07T03:05:45.507374,150
9cd37022c1afc1a6,https://www.linkedin.com/jobs/view/aircraft-maintenance-technician-at-general-atomics-aeronautical-systems-4437441979,Aircraft Maintenance Technician,,scraped,2026-07-07T03:05:48.418160,
eed1f7045905f775,https://www.linkedin.com/jobs/view/inspector-housekeeping-at-hilton-4426566252,Inspector - Housekeeping,,scraped,2026-07-07T03:06:39.276095,
cc02f22f41424200,https://www.linkedin.com/jobs/view/operations-coordinator-at-cr-r-incorporated-4436462560,Operations Coordinator,,scraped,2026-07-07T03:07:15.284177,
281050282736d9ad,https://www.linkedin.com/jobs/view/deployable-integration-technician-at-general-atomics-aeronautical-systems-4399416950,Deployable Integration Technician,,scraped,2026-07-07T03:07:22.777373,
aef6c46045aa9b99,https://www.linkedin.com/jobs/view/chemical-operator-at-usalco-4437414691,Chemical Operator,,scraped,2026-07-07T03:07:41.839352,
7fecc656e7dc804c,https://www.linkedin.com/jobs/view/busser-at-true-food-kitchen-4395496341,Busser,,scraped,2026-07-07T03:07:49.168200,
7e79aac03f99f00d,https://www.linkedin.com/jobs/view/adventure-readiness-specialist-el-segundo-ca-at-rivian-4435029701,"Adventure Readiness Specialist - El Segundo, CA",,scraped,2026-07-07T03:08:27.135415,
8ddcb84f7350b17e,https://www.linkedin.com/jobs/view/pipeliner-0-24-months-at-pbf-energy-4436255364,Pipeliner 0-24 months,PBF Energy,posted,2026-07-07T03:09:47.757930,152
f004af957bd42c19,https://www.linkedin.com/jobs/view/estimator-at-dpr-construction-4417782203,Estimator,,scraped,2026-07-07T03:09:50.775542,
2712d7b417ffaa9a,https://www.linkedin.com/jobs/view/sanitation-worker-at-pacific-seafood-4426406677,Sanitation Worker,Pacific Seafood,posted,2026-07-07T03:10:14.788901,154
94ca175cd08e50bb,https://www.linkedin.com/jobs/view/team-member-at-einstein-bros-bagels-4436162330,Team Member,Einstein Bros Bagels,posted,2026-07-07T03:10:28.049495,156
70261e285f4a22ff,https://www.linkedin.com/jobs/view/club-attendant-at-24-hour-fitness-4435020417,Club Attendant,24 Hour Fitness,posted,2026-07-07T03:10:38.156983,158
7009c5f0c0717909,https://www.linkedin.com/jobs/view/outside-sales-representative-b2b-at-hibu-4435389084,Outside Sales Representative - B2B,Hibu,posted,2026-07-07T03:10:50.778212,160
9bb30018ce829712,https://www.linkedin.com/jobs/view/branch-manager-in-training-at-purpose-financial-4433137052,Branch Manager in Training,,scraped,2026-07-07T03:10:53.532260,
7a2c2c314d2e6e14,https://www.linkedin.com/jobs/view/site-procurement-manager-at-amazon-4427654782,Site Procurement Manager,Amazon,posted,2026-07-07T03:12:06.560214,162
b58f89a4a151e4ad,https://www.linkedin.com/jobs/view/internal-listing-office-administrator-ii-at-city-of-tulsa-4435359755,INTERNAL LISTING: OFFICE ADMINISTRATOR II,,scraped,2026-07-07T03:12:09.572496,
f2634602ad2adc0c,https://www.linkedin.com/jobs/view/pest-control-technician-at-rollins-inc-4435275846,Pest Control Technician,,scraped,2026-07-07T03:12:16.863000,
262ddd29fe4f9d73,https://www.linkedin.com/jobs/view/shift-leader-at-el-pollo-loco-inc-4436201064,Shift Leader,,scraped,2026-07-07T03:12:29.925722,
8b7bf42b3a5d28a0,https://www.linkedin.com/jobs/view/estimator-at-jrm-construction-management-4436248629,Estimator,,scraped,2026-07-07T03:12:36.758736,
c0592f70fef67bd2,https://www.linkedin.com/jobs/view/estimator-at-mace-4404684484,Estimator,Mace,posted,2026-07-07T03:12:54.622985,164
f1cef6cf6230c1c8,https://www.linkedin.com/jobs/view/intern-us-marketing-community-professional-channel-at-dermalogica-4436188059,Intern - US Marketing Community Professional Channel,,scraped,2026-07-07T03:12:57.589664,
c823d09029e2eb86,https://www.linkedin.com/jobs/view/sales-representative-la-south-endoscopy-at-stryker-4425897842,Sales Representative - LA South - Endoscopy,,scraped,2026-07-07T03:13:12.782519,
a7df0b28a3ef4b94,https://www.linkedin.com/jobs/view/communications-intern-at-lynwood-associates-ltd-4432395642,Communications Intern,LYNWOOD ASSOCIATES LTD,posted,2026-07-07T03:14:13.123335,166
9781052927de877e,https://www.linkedin.com/jobs/view/administrator-events-manager-at-exceptional-children-s-foundation-4436143126,Administrator & Events Manager,,scraped,2026-07-07T03:14:16.211366,
6f63f625f8032415,https://www.linkedin.com/jobs/view/social-media-marketing-intern-at-bazzaal-4435251967,Social Media Marketing Intern,BAZZAAL,posted,2026-07-07T03:14:50.494628,168
429851395f5af223,https://www.linkedin.com/jobs/view/director-communications-at-production-resource-group-4435404154,"Director, Communications",,scraped,2026-07-07T03:14:53.294943,
c32b8db10acad140,https://www.linkedin.com/jobs/view/research-assistant-at-russell-tobin-4435841533,Research Assistant,Russell Tobin,posted,2026-07-07T03:15:26.395594,170
792e0a4ab718f414,https://www.linkedin.com/jobs/view/data-scientist-level-4-at-croswiss-4436024812,"Data Scientist, Level 4",,scraped,2026-07-07T03:15:29.095186,
ae2cac90b2a5ae26,https://www.linkedin.com/jobs/view/workplace-experience-supervisor-%E2%80%93-hospitality-office-services-at-rrd-4435805565,Workplace Experience Supervisor – Hospitality & Office Services,RRD,posted,2026-07-07T03:16:06.316538,172
855d068c1415990d,https://www.linkedin.com/jobs/view/assistant-project-manager-at-simpson-simpson-management-consulting-4435232654,Assistant Project Manager,Simpson & Simpson Management Consulting,posted,2026-07-07T03:16:49.199425,106
3a74474a4f478c58,https://www.linkedin.com/jobs/view/meat-cutter-and-wrapper-at-sam-s-club-4337460040,Meat Cutter and Wrapper,Sam's Club,posted,2026-07-07T03:16:59.039228,174
7f4f102c0054a4c2,https://www.linkedin.com/jobs/view/meat-cutter-and-wrapper-at-sam-s-club-4337370294,Meat Cutter and Wrapper,Sam's Club,posted,2026-07-07T03:17:07.681589,174
fad7fff49616a5a3,https://www.linkedin.com/jobs/view/lead-floor-operations-at-walmart-4333684653,Lead - Floor Operations,,scraped,2026-07-07T03:17:10.350469,
cf2eb1ed087e6538,https://www.linkedin.com/jobs/view/store-manager-at-panda-restaurant-group-4434309297,Store Manager,,scraped,2026-07-07T03:17:24.887195,
eb97dc6f28e34dae,https://www.linkedin.com/jobs/view/substitute-food-service-worker-migrant-head-start-program-early-education-services-s-2715-at-riverside-county-office-of-education-4433752857,Substitute Food Service Worker - Migrant Head Start Program/Early Education Services (S-2715),,scraped,2026-07-07T03:17:42.440688,
0fdffbd441d64874,https://www.linkedin.com/jobs/view/baker-and-packager-associate-at-sam-s-club-4332698780,Baker and Packager Associate,,scraped,2026-07-07T03:18:02.067544,
2a5ad979251f84d4,https://www.linkedin.com/jobs/view/store-manager-at-panda-restaurant-group-4434310397,Store Manager,,scraped,2026-07-07T03:18:09.147006,
74710786cdee5aa4,https://www.linkedin.com/jobs/view/store-manager-at-panda-restaurant-group-4407341231,Store Manager,,scraped,2026-07-07T03:18:16.532905,
3d4265fe7f71d86b,https://www.linkedin.com/jobs/view/store-manager-at-panda-restaurant-group-4434311396,Store Manager,,scraped,2026-07-07T03:18:23.764927,
591d1ef1771c0910,https://www.linkedin.com/jobs/view/produce-clerk-213-lancaster-at-chedraui-usa-4437170712,Produce Clerk - 213 Lancaster,,scraped,2026-07-07T03:18:31.044904,
fa43045243988309,https://www.linkedin.com/jobs/view/south-bay-caregiver-hca-per-id-at-thekey-4367937145,South Bay Caregiver (HCA Per ID),TheKey,posted,2026-07-07T03:18:48.171417,176
698d6c935af7c36d,https://www.linkedin.com/jobs/view/patient-care-technician-at-davita-kidney-care-4436787304,Patient Care Technician,,scraped,2026-07-07T03:18:50.854797,
bd3115be22d7b20a,https://www.linkedin.com/jobs/view/assistant-manager-at-stiiizy-4436435842,Assistant Manager,,scraped,2026-07-07T03:18:57.909873,
83b014c785a91e05,https://www.linkedin.com/jobs/view/behavior-technician-rbt-guaranteed-hours-at-abs-kids-4424896636,Behavior Technician / RBT (Guaranteed Hours),,scraped,2026-07-07T03:19:11.966709,
175a3865c93f1335,https://www.linkedin.com/jobs/view/behavior-technician-rbt-guaranteed-hours-at-abs-kids-4424898608,Behavior Technician / RBT (Guaranteed Hours),,scraped,2026-07-07T03:19:19.410090,
2cb84509321c651d,https://www.linkedin.com/jobs/view/meat-cutter-and-wrapper-at-sam-s-club-4337400089,Meat Cutter and Wrapper,,scraped,2026-07-07T03:19:58.658788,
4bfc4f5a687c4401,https://www.linkedin.com/jobs/view/assistant-general-manager-at-mcdonald-s-4272132650,Assistant General Manager,,scraped,2026-07-07T03:20:05.872643,
ad9af4f4c06adf94,https://www.linkedin.com/jobs/view/maintenance-tech-at-zmc-hotels-4433177690,Maintenance Tech,,scraped,2026-07-07T03:20:21.955802,
f46d3df48d190d37,https://www.linkedin.com/jobs/view/assistant-manager-at-panda-restaurant-group-4434195843,Assistant Manager,,scraped,2026-07-07T03:20:29.247314,
7d4d0a17ea93a0c5,https://www.linkedin.com/jobs/view/assistant-manager-at-panda-restaurant-group-4434317213,Assistant Manager,,scraped,2026-07-07T03:20:47.731070,
6e19ac32f75cca05,https://www.linkedin.com/jobs/view/financial-services-specialist-at-loma-linda-university-health-4435051046,Financial Services Specialist,,scraped,2026-07-07T03:20:54.993059,
899575cb628169e1,https://www.linkedin.com/jobs/view/caregiver-urgently-hiring-for-weekend-work-at-accentcare-4435367596,Caregiver/Urgently hiring for weekend work,,scraped,2026-07-07T03:21:02.058923,
966ace9023237d2c,https://www.linkedin.com/jobs/view/delivery-specialist-at-o-reilly-auto-parts-4436387281,Delivery Specialist,,scraped,2026-07-07T03:21:09.915089,
0d4a437c6cfe9759,https://www.linkedin.com/jobs/view/loss-prevention-bell-gardens-ca-90201-at-parkwest-casinos-4434618110,"Loss Prevention (BELL GARDENS, CA. 90201)",Parkwest Casinos,posted,2026-07-07T03:21:26.838450,178
5476690724c22a88,https://www.linkedin.com/jobs/view/sanitation-aide-at-remington-hospitality-4427419674,Sanitation Aide,,scraped,2026-07-07T03:21:29.644128,
1d65a5ee6d288a59,https://www.linkedin.com/jobs/view/caregiver-at-accentcare-4434947931,Caregiver,,scraped,2026-07-07T03:21:45.435623,
b6303271ec74dfa8,https://www.linkedin.com/jobs/view/delivery-driver-07744-1621-w-chapman-ave-at-domino-s-4432721706,Delivery Driver(07744) - 1621 W. Chapman Ave.,,scraped,2026-07-07T03:21:56.165420,
7d48d3c25a495987,https://www.linkedin.com/jobs/view/non-certified-arborist-at-paxon-energy-and-infrastructure-services-4434673638,Non-Certified Arborist,,scraped,2026-07-07T03:22:11.067872,
21cec02fb8c1b6fd,https://www.linkedin.com/jobs/view/general-manager-07779-8682-beach-blvd-at-domino-s-4433911325,General Manager(07779) - 8682 Beach Blvd,Domino's,posted,2026-07-07T03:22:39.101136,180
26d960ab72bf74db,https://www.linkedin.com/jobs/view/production-worker-at-nongshim-america-inc-4299712510,Production Worker,,scraped,2026-07-07T03:22:42.164162,
16b9662aed05c812,https://www.linkedin.com/jobs/view/sales-executive-san-bernardino-ca-at-wm-4436455273,"Sales Executive - San Bernardino, CA",WM,posted,2026-07-07T03:23:07.452088,182
72d0ccbfed12c977,https://www.linkedin.com/jobs/view/lead-operator-ii-at-pactiv-evergreen-inc-4435521750,Lead Operator II,,scraped,2026-07-07T03:23:10.134393,
dbc24348bda7da6a,https://www.linkedin.com/jobs/view/inventory-control-clerk-at-petco-4436338191,Inventory Control Clerk,Petco,posted,2026-07-07T03:23:36.221497,184
9457b057d93deca7,https://www.linkedin.com/jobs/view/electrical-estimator-at-w3global-4437472637,Electrical Estimator,W3Global,posted,2026-07-07T03:23:50.241281,186
c48f7f3c23f56572,https://www.linkedin.com/jobs/view/head-custodian-mot-open-to-ousd-employees-only-at-orange-unified-school-district-4435532019,Head Custodian - MOT (OPEN TO OUSD EMPLOYEES ONLY),Orange Unified School District,posted,2026-07-07T03:24:00.359000,188
f9b2e4ee20e19662,https://www.linkedin.com/jobs/view/store-schematics-coordinator-at-sprouts-farmers-market-4434694943,Store Schematics Coordinator,Sprouts Farmers Market,posted,2026-07-07T03:24:10.107557,190
50350aed48c326e3,https://www.linkedin.com/jobs/view/maintenance-at-cardenas-markets-llc-4435400576,Maintenance,Cardenas Markets LLC,posted,2026-07-07T03:24:20.151654,192
e015034f86bec33b,https://www.linkedin.com/jobs/view/maintenance-team-member-at-cardinal-group-companies-4436264326,Maintenance Team Member,Cardinal Group Companies,posted,2026-07-07T03:24:31.020425,194
49cc60faab5ec6cb,https://www.linkedin.com/jobs/view/floor-tech-full-time-at-healthcare-services-group-inc-4436227928,Floor Tech (Full Time),"Healthcare Services Group, Inc",posted,2026-07-07T03:24:44.115237,196
d2d76105346f137a,https://www.linkedin.com/jobs/view/manager-finance-at-directv-4436123327,Manager Finance,DIRECTV,posted,2026-07-07T03:24:53.130460,198
e7b5da10198e5f32,https://www.linkedin.com/jobs/view/recruiting-coordinator-at-hermeus-4426353740,Recruiting Coordinator,Hermeus,posted,2026-07-07T03:25:07.043067,200
94b36bd6a6574292,https://www.linkedin.com/jobs/view/production-manager-apparel-at-tcw-trends-inc-4434920887,Production Manager (Apparel),TCW Trends Inc,posted,2026-07-07T03:25:16.414603,202
1340095855e377a8,https://www.linkedin.com/jobs/view/environmental-specialist-at-triumvirate-environmental-4432813543,Environmental Specialist,Triumvirate Environmental,posted,2026-07-07T03:25:26.173809,204
ed4b3d2df205f026,https://www.linkedin.com/jobs/view/tiktok-shop-quality-assurance-program-manager-at-tiktok-4436263564,TikTok Shop - Quality Assurance Program Manager,TikTok,posted,2026-07-07T03:25:35.508639,206
a8e27140c7045026,https://www.linkedin.com/jobs/view/project-schedule-analyst-ii-at-nasa-jet-propulsion-laboratory-4436164009,Project Schedule Analyst II,NASA Jet Propulsion Laboratory,posted,2026-07-07T03:25:44.513005,208
b3a00306d648de31,https://www.linkedin.com/jobs/view/vp-strategic-partnerships-at-evgo-4426010145,"VP, Strategic Partnerships",EVgo,posted,2026-07-07T03:25:53.969359,210
614aa6dfe86b3892,https://www.linkedin.com/jobs/view/senior-narrative-designer-at-the-walt-disney-company-4435437595,Senior Narrative Designer,The Walt Disney Company,posted,2026-07-07T03:26:03.770265,212
ac4fccd7b79eb991,https://www.linkedin.com/jobs/view/development-coordinator-at-american-red-cross-4434089231,Development Coordinator,,scraped,2026-07-07T03:26:06.421733,
2a6fb7fa32222e4f,https://www.linkedin.com/jobs/view/donald-h-yee-football-operations-fellowship-at-los-angeles-chargers-4436419437,Donald H. Yee Football Operations Fellowship,,scraped,2026-07-07T03:26:19.281457,
0bd8f7a9a4054cfc,https://www.linkedin.com/jobs/view/environmental-specialist-at-triumvirate-environmental-4432802863,Environmental Specialist,,scraped,2026-07-07T03:26:32.807414,
363cae9ce689c297,https://www.linkedin.com/jobs/view/accounts-receivable-specialist-at-cult-gaia-4435287295,Accounts Receivable Specialist,,scraped,2026-07-07T03:26:53.340546,
8903aaa5a5a53b7b,https://www.linkedin.com/jobs/view/director-of-engineering-at-jonathan-club-4434935591,Director of Engineering,,scraped,2026-07-07T03:27:00.344775,
e0a8bdbd5ed141a2,https://www.linkedin.com/jobs/view/automotive-product-support-specialist-at-unplugged-performance-4436104785,Automotive Product Support Specialist,,scraped,2026-07-07T03:27:07.422275,
62e11fdc81fe0dcf,https://www.linkedin.com/jobs/view/mailroom-messenger-at-paramount-pictures-4436142982,Mailroom Messenger,Paramount Pictures,posted,2026-07-07T03:27:26.110015,214
0433557fd840e98b,https://www.linkedin.com/jobs/view/logistics-operations-driver-at-rainmaker-technology-corporation-4436105864,Logistics Operations - Driver,,scraped,2026-07-07T03:27:28.891826,
5360ce5e94b9d1ef,https://www.linkedin.com/jobs/view/analyst-deals-office-at-warner-music-group-4422168947,"Analyst, Deals Office",,scraped,2026-07-07T03:27:36.129811,
6d8f4667272025dc,https://www.linkedin.com/jobs/view/financial-controller-at-gecko-hospitality-corporate-4436212540,Financial Controller,,scraped,2026-07-07T03:27:43.161523,
33bd17d2df7b1b8d,https://www.linkedin.com/jobs/view/senior-planner-at-avatara-personal-care-llc-4435245469,Senior Planner,,scraped,2026-07-07T03:27:50.467170,
1f65459dc8ced822,https://www.linkedin.com/jobs/view/associate-training-at-la28-olympic-paralympic-games-4435407331,"Associate, Training",,scraped,2026-07-07T03:27:57.894930,
1c3c7cafe10f04e0,https://www.linkedin.com/jobs/view/deficiency-seller-at-the-hiller-companies-4433125897,Deficiency Seller,,scraped,2026-07-07T03:28:04.953361,
135fbdfddd97bcf6,https://www.linkedin.com/jobs/view/room-attendant-at-remington-hospitality-4427427500,Room Attendant,,scraped,2026-07-07T03:28:12.968185,
955fcb9e2aba1c3b,https://www.linkedin.com/jobs/view/van-conversion-craftsman-at-sonsray-inc-4434335254,Van Conversion Craftsman,,scraped,2026-07-07T03:28:33.009148,
6f6fbc322ce674d4,https://www.linkedin.com/jobs/view/assistant-coach-boys-golf-2026-27-at-corona-norco-unified-school-district-4436147143,"Assistant Coach, Boys Golf 2026-27",,scraped,2026-07-07T03:28:47.843327,
6224321cb0eac195,https://www.linkedin.com/jobs/view/food-service-worker-full-time-variable-shift-starts-6am-or-12-30pm-at-cedars-sinai-4422798084,"Food Service Worker, Full-time, Variable Shift Starts: 6am or 12:30pm",,scraped,2026-07-07T03:30:13.072316,
96fe2a74637d728c,https://www.linkedin.com/jobs/view/assistant-manager-full-time-at-tillys-4435494252,Assistant Manager (Full Time),Tillys,posted,2026-07-07T03:30:33.335152,216
0378aa1c9f72d829,https://www.linkedin.com/jobs/view/planner-estimator-4434377024,Planner / Estimator,"Charles Meisner, Inc.",posted,2026-07-07T03:30:41.049354,218
68ba4137fbb044ea,https://www.linkedin.com/jobs/view/donation-attendant-at-the-salvation-army-orange-county-4437448544,Donation Attendant,,scraped,2026-07-07T03:30:43.686249,
d298d6bfd339ede6,https://www.linkedin.com/jobs/view/club-attendant-at-24-hour-fitness-4435004996,Club Attendant,,scraped,2026-07-07T03:30:51.906165,
12f71530e141de84,https://www.linkedin.com/jobs/view/residential-lawn-specialist-aerator-at-trugreen-4368445555,Residential Lawn Specialist/Aerator,TruGreen,posted,2026-07-07T03:31:07.223768,220
afd0c151ad238f21,https://www.linkedin.com/jobs/view/tile-department-manager-at-floor-decor-4432725433,Tile Department Manager,Floor &amp; Decor,posted,2026-07-07T03:31:16.852078,222
7d01323b42e538f3,https://www.linkedin.com/jobs/view/general-labor-2nd-shift-at-mauser-packaging-solutions-4437416237,General Labor 2nd Shift,,scraped,2026-07-07T03:31:19.531471,
c856f0594ef92103,https://www.linkedin.com/jobs/view/service-porter-an-acura-south-bay-at-autonation-4432744305,Service Porter - AN Acura South Bay,,scraped,2026-07-07T03:31:26.457505,
e24444bd178bddfd,https://www.linkedin.com/jobs/view/in-home-sales-rep-fontana-at-puragain-water-4419972193,In Home Sales Rep ( Fontana ),,scraped,2026-07-07T03:31:34.720196,
88afe21d676a0ed1,https://www.linkedin.com/jobs/view/fingerprint-technician-i-at-county-of-riverside-4436200373,Fingerprint Technician I,County of Riverside,posted,2026-07-07T03:31:58.246700,224
bd4c5b1b12709f23,https://www.linkedin.com/jobs/view/sales-management-trainee-at-california-concepts-4436239497,Sales Management Trainee,,scraped,2026-07-07T03:32:00.878771,
e80fece895b1d2a5,https://www.linkedin.com/jobs/view/human-resources-technician-senior-at-alvord-unified-school-district-4437484851,Human Resources Technician Senior,,scraped,2026-07-07T03:32:07.825862,
ab9e030d7db678ae,https://www.linkedin.com/jobs/view/dishwasher-at-oakmont-senior-living-4435402523,Dishwasher,,scraped,2026-07-07T03:32:15.069616,
4a12286889eb6626,https://www.linkedin.com/jobs/view/service-valet-porsche-bentley-newport-beach-at-autonation-4433143664,Service Valet - Porsche & Bentley Newport Beach,,scraped,2026-07-07T03:32:22.132887,
7a88087bdc5d2291,https://www.linkedin.com/jobs/view/installer-valencia-ca-at-truteam-4414717861,"Installer (Valencia, CA.)",TruTeam,posted,2026-07-07T03:33:41.710261,226
9e60d84374a29059,https://www.linkedin.com/jobs/view/onsite-technician-los-angeles-california-at-jbt-marel-4385394305,Onsite Technician - Los Angeles California,,scraped,2026-07-07T03:33:44.375789,
807463ba7cc31c3e,https://www.linkedin.com/jobs/view/entry-level-recruiter-start-in-july-at-fifteen-west-4432351352,Entry Level Recruiter (Start in July),,scraped,2026-07-07T03:33:57.954227,
503d6c7f197b9a7f,https://www.linkedin.com/jobs/view/masker-2-1st-shift-at-valence-surface-technologies-4436263345,Masker 2 (1st Shift),,scraped,2026-07-07T03:34:11.213393,
aee43d85265270d7,https://www.linkedin.com/jobs/view/club-attendant-at-24-hour-fitness-4435051294,Club Attendant,24 Hour Fitness,posted,2026-07-07T03:34:26.581630,158
49603ebace3f5686,https://www.linkedin.com/jobs/view/insurance-agent-riverside-ca-at-horace-mann-4426001766,"Insurance Agent - Riverside, CA",,scraped,2026-07-07T03:34:29.233285,
aff7032708c7e590,https://www.linkedin.com/jobs/view/custodial-services-supervisor-at-university-of-california-riverside-4428400138,Custodial Services Supervisor,"University of California, Riverside",posted,2026-07-07T03:34:51.314129,228
8bdc92ed0f65c778,https://www.linkedin.com/jobs/view/dog-trainer-paws-pet-resort-at-best-friends-pet-care-4434374136,Dog Trainer - Paws Pet Resort,,scraped,2026-07-07T03:34:53.970041,
579e51e001caa517,https://www.linkedin.com/jobs/view/route-sales-delivery-at-schwan-s-company-4433115078,Route Sales & Delivery,,scraped,2026-07-07T03:35:07.357912,
6dee0d4da609e187,https://www.linkedin.com/jobs/view/assistant-manager-at-panda-restaurant-group-4434607394,Assistant Manager,Panda Restaurant Group,posted,2026-07-07T03:35:27.191231,230
633bb1ed48eae16d,https://www.linkedin.com/jobs/view/cook-at-panda-restaurant-group-4221623976,Cook,,scraped,2026-07-07T03:35:29.841933,
d18c70b8ebc12908,https://www.linkedin.com/jobs/view/finance-associate-remote-at-yo-it-consulting-4434399392,Finance Associate - Remote,,scraped,2026-07-07T03:35:43.648911,
35028f46fd4f7054,https://www.linkedin.com/jobs/view/recon-technician-land-rover-pasadena-at-sonic-automotive-4435187885,Recon Technician- Land Rover Pasadena,Sonic Automotive,posted,2026-07-07T03:35:56.677558,232
2e83a8a98d6c2f17,https://www.linkedin.com/jobs/view/senior-manager-finance-at-the-walt-disney-company-4435092522,"Senior Manager, Finance",The Walt Disney Company,posted,2026-07-07T03:36:10.460663,234
12f4df6d15d47d86,https://www.linkedin.com/jobs/view/recruiter-at-lettrlabs-4434910909,Recruiter,LettrLabs,posted,2026-07-07T03:36:19.404592,236
6a26d344c9bcf962,https://www.linkedin.com/jobs/view/lead-medical-assistant-at-west-coast-wound-skin-care-4433111876,Lead Medical Assistant,West Coast Wound &amp; Skin Care,posted,2026-07-07T03:36:32.081530,238
95fb953a3915fea9,https://www.linkedin.com/jobs/view/service-clerk-341-los-angeles-at-chedraui-usa-4437176510,Service Clerk - 341 Los Angeles,Chedraui USA,posted,2026-07-07T03:36:46.381771,240
8ac95452948ad36c,https://www.linkedin.com/jobs/view/category-management-project-intern-tiktok-shop-us-operation-2026-start-bs-ms-at-tiktok-4434307155,Category Management Project Intern (TikTok Shop - US Operation) - 2026 Start (BS/MS),TikTok,posted,2026-07-07T03:36:56.575759,242
ec68aa42d278f9be,https://www.linkedin.com/jobs/view/recruiter-at-goodwin-recruiting-4436441480,Recruiter,Goodwin Recruiting,posted,2026-07-07T03:37:01.380251,236
51f4bb7bd3d79165,https://www.linkedin.com/jobs/view/exhibition-registrar-at-the-broad-4436411449,Exhibition Registrar,The Broad,posted,2026-07-07T03:37:10.731745,244
8c9d7f0be7f5b0b6,https://www.linkedin.com/jobs/view/recruiter-at-shirley-parsons-4435258073,Recruiter,,scraped,2026-07-07T03:37:13.449999,
47029e79b66ef017,https://www.linkedin.com/jobs/view/caregiver-immediate-openings-at-honor-4437107226,Caregiver - Immediate Openings,Honor,posted,2026-07-07T03:37:28.475795,246
546d2bf875eab2ad,https://www.linkedin.com/jobs/view/delivery-specialist-at-o-reilly-auto-parts-4368399947,Delivery Specialist,O'Reilly Auto Parts,posted,2026-07-07T03:37:37.616161,248
e200f42cda2022c1,https://www.linkedin.com/jobs/view/delivery-specialist-at-o-reilly-auto-parts-4436438682,Delivery Specialist,O'Reilly Auto Parts,scraped,2026-07-07T03:37:41.825883,
45a86593000afd8c,https://www.linkedin.com/jobs/view/delivery-specialist-at-o-reilly-auto-parts-4385506570,Delivery Specialist,O'Reilly Auto Parts,scraped,2026-07-07T03:37:46.358932,
4f9d460c56dbe95e,https://www.linkedin.com/jobs/view/grocery-clerk-213-lancaster-at-chedraui-usa-4437162942,Grocery Clerk - 213 Lancaster,Chedraui USA,posted,2026-07-07T03:37:54.915426,250
10bdca20c5698d1e,https://www.linkedin.com/jobs/view/estimator-at-jrm-construction-management-4435214322,Estimator,JRM Construction Management,posted,2026-07-07T03:37:59.955398,164
6705d2a9c9d7e263,https://www.linkedin.com/jobs/view/store-manager-at-panda-restaurant-group-4434606396,Store Manager,Panda Restaurant Group,posted,2026-07-07T03:38:08.848072,252
085fd52d35aed5a6,https://www.linkedin.com/jobs/view/aircraft-structures-mechanic-level-2-3-at-northrop-grumman-4436102952,Aircraft Structures Mechanic Level 2&3,Northrop Grumman,posted,2026-07-07T03:38:17.808919,254
9009a39551b3d4ab,https://www.linkedin.com/jobs/view/receiving-clerk-%2337-san-bernardino-9th-st-at-chedraui-usa-4437171753,Receiving Clerk - #37 San Bernardino - 9th St.,Chedraui USA,posted,2026-07-07T03:38:27.444024,256
bc22dddacb6a3ad0,https://www.linkedin.com/jobs/view/substitute-office-school-secretary-s-2708-at-riverside-county-office-of-education-4433765174,Substitute Office/School Secretary (S-2708),Riverside County Office of Education,posted,2026-07-07T03:38:36.538985,258
